188	2		CP_EQ_1
188	1		CP_EQ_1
188	0	PATO_0000462	CP_EQ_1
186	2	UBERON_0003113PATO_0000462	CP_EQ_1
186	1	UBERON_0003113	CP_EQ_1
186	0	UBERON_0003113	CP_EQ_1
155	0		CP_EQ_1
155	1		CP_EQ_1
43	1	UBERON_3000645BFO_0000050UBERON_0001092	CP_EQ_1
43	1	UBERON_0001075BFO_0000050UBERON_0001092	CP_EQ_2
43	2	UBERON_3000645BFO_0000050UBERON_0001092PATO_0000573	CP_EQ_1
43	2	UBERON_0001075BFO_0000050UBERON_0001092	CP_EQ_2
43	0	UBERON_3000645BFO_0000050UBERON_0001092PATO_0000117	CP_EQ_1
43	0	UBERON_0001075BFO_0000050UBERON_0001092	CP_EQ_2
54	1	UBERON_0010202PATO_0000467	CP_EQ_1
54	0	UBERON_0010202PATO_0000462	CP_EQ_1
156	0	UBERON_0002221PATO_0000462	CP_EQ_1
156	1	UBERON_0002221PATO_0000467	CP_EQ_1
189	0	UBERON_0001300PATO_0002259UBERON_0000989	CP_EQ_1
189	0	PATO_0000462	CP_EQ_2
29	1	UBERON_0002530BFO_0000050UBERON_0000180PATO_0000467	CP_EQ_1
29	0	UBERON_0002530BFO_0000050UBERON_0000180	CP_EQ_1
140	0	UBERON_0001860PATO_0000462	CP_EQ_1
140	1	UBERON_0001860PATO_0000467	CP_EQ_1
173	1	UBERON_0004743PATO_0000462	CP_EQ_1
173	0	UBERON_0004743PATO_0000467	CP_EQ_1
39	2	PATO_0000467	CP_EQ_1
39	3		CP_EQ_1
39	1	PATO_0000467	CP_EQ_1
39	0	PATO_0000462	CP_EQ_1
134	0	UBERON_0002228BFO_0000050UBERON_0001095	CP_EQ_1
134	2	UBERON_0002228BFO_0000050UBERON_0001095	CP_EQ_1
134	1	UBERON_0002228BFO_0000050UBERON_0001095PATO_0000070	CP_EQ_1
144	0	UBERON_2000106BFO_0000050UBERON_0000152PATO_0000462	CP_EQ_1
144	1	UBERON_2000106BFO_0000050UBERON_0000152PATO_0000467	CP_EQ_1
114	0	UBERON_0000060BFO_0000050UBERON_0006332	CP_EQ_1
114	1	UBERON_0000060BFO_0000050UBERON_0006332PATO_0000297	CP_EQ_1
171	0	UBERON_0002355PATO_0000467	CP_EQ_1
171	1	UBERON_0002355PATO_0000462	CP_EQ_1
77	1	UBERON_0004746	CP_EQ_1
77	0	UBERON_0004746UBERON_0001638	CP_EQ_1
41	1	UBERON_0003148BFO_0000050UBERON_0001272PATO_0000467	CP_EQ_1
41	1	UBERON_0003148BFO_0000050UBERON_2000623	CP_EQ_2
41	0	UBERON_0003148BFO_0000050UBERON_0001272PATO_0000462	CP_EQ_1
41	0	UBERON_0003148BFO_0000050UBERON_2000623	CP_EQ_2
191	1	PATO_0000467	CP_EQ_1
191	0	PATO_0000462	CP_EQ_1
34	2	UBERON_0006428UBERON_0004746	CP_EQ_1
34	3	UBERON_0006428	CP_EQ_1
1	2	PATO_0000462	CP_EQ_1
1	2		CP_EQ_2
1	0	UBERON_0003672	CP_EQ_1
1	0	PATO_0000586	CP_EQ_2
1	0		CP_EQ_3
1	1		CP_EQ_1
52	1	PATO_0000467	CP_EQ_1
52	0	PATO_0000462	CP_EQ_1
138	1	UBERON_0001695PATO_0000467	CP_EQ_1
138	0	UBERON_0001695PATO_0000462	CP_EQ_1
116	0	UBERON_0010910	CP_EQ_1
197	0	UBERON_0001449PATO_0000462	CP_EQ_1
197	1	UBERON_0001449PATO_0000467	CP_EQ_1
50	0	UBERON_0001091PATO_0000462	CP_EQ_1
50	1	UBERON_0001091PATO_0000070	CP_EQ_1
203	1	UBERON_0001430PATO_0000467	CP_EQ_1
203	0	UBERON_0001430	CP_EQ_1
187	0	UBERON_0003221UBERON_0003634	CP_EQ_1
187	0	UBERON_0003221UBERON_0003221	CP_EQ_2
187	1	UBERON_0003221UBERON_0003634	CP_EQ_1
187	1	UBERON_0003221PATO_0000117UBERON_0003221	CP_EQ_2
202	1	PATO_0000467	CP_EQ_1
202	0	PATO_0000462	CP_EQ_1
124	0	PATO_0000462UBERON_2001054	CP_EQ_1
124	1	PATO_0000467UBERON_2001054	CP_EQ_1
151	1	UBERON_0001077PATO_0000467	CP_EQ_1
151	0	UBERON_0001077PATO_0000462	CP_EQ_1
111	0	UBERON_0001682	CP_EQ_1
111	1	UBERON_0001682	CP_EQ_1
110	2		CP_EQ_1
110	1		CP_EQ_1
110	0	PATO_0000462	CP_EQ_1
92	0	UBERON_0002228	CP_EQ_1
92	1	UBERON_0002231BFO_0000050UBERON_0002228PATO_0002272UBERON_3000645	CP_EQ_1
92	1	UBERON_0001075	CP_EQ_2
120	1	UBERON_2000106BFO_0000050UBERON_0004103BFO_0000050UBERON_0002244PATO_0000462	CP_EQ_1
120	0	UBERON_2000106BFO_0000050UBERON_0004103BFO_0000050UBERON_0002244PATO_0000467	CP_EQ_1
121	0	UBERON_0008194PATO_0001448	CP_EQ_1
121	1	UBERON_0008194	CP_EQ_1
117	1	UBERON_0000062PATO_0000070	CP_EQ_1
117	0	UBERON_0002398	CP_EQ_1
63	1	UBERON_0001269	CP_EQ_1
63	0	PATO_0000587	CP_EQ_1
48	0		CP_EQ_1
48	0	PATO_0001193	CP_EQ_2
90	1	PATO_0000467	CP_EQ_1
90	0	PATO_0000462	CP_EQ_1
168	1		CP_EQ_1
168	0	UBERON_0001092PATO_0000610UBERON_0004704	CP_EQ_1
19	1	UBERON_0002244	CP_EQ_1
19	2	UBERON_0002244PATO_0000462	CP_EQ_1
19	0	UBERON_0002244	CP_EQ_1
2	1	UBERON_0004747PATO_0000070	CP_EQ_1
2	1	UBERON_2001997	CP_EQ_2
2	1	UBERON_0004747BSPO_0000071BFO_0000050BSPO_0000072	CP_EQ_3
2	1	UBERON_2001997	CP_EQ_4
2	1	BSPO_0000379BFO_0000050UBERON_0003113PATO_0001369	CP_EQ_5
2	1	BSPO_0000379BFO_0000050UBERON_0003113PATO_0001875	CP_EQ_6
2	0	UBERON_0004747PATO_0000070	CP_EQ_1
2	0	UBERON_2001997	CP_EQ_2
142	2	PATO_0000117	CP_EQ_1
142	2		CP_EQ_2
142	1	PATO_0000462	CP_EQ_1
142	0		CP_EQ_1
142	0	PATO_0000070UBERON_0003129	CP_EQ_2
103	0	UBERON_0001649PATO_0000462	CP_EQ_1
103	1	UBERON_0001649PATO_0000467	CP_EQ_1
67	0	UBERON_0002244	CP_EQ_1
67	1	UBERON_0002244PATO_0000467	CP_EQ_1
17	0	PATO_0000462	CP_EQ_1
17	1	PATO_0000467	CP_EQ_1
176	1	UBERON_4300006BFO_0000050BSPO_0000001BFO_0000050UBERON_0010202PATO_0000070	CP_EQ_1
176	0	UBERON_4300006BFO_0000050BSPO_0000001BFO_0000050UBERON_0010202PATO_0000070	CP_EQ_1
37	0	UBERON_0002542BFO_0000050UBERON_0001567	CP_EQ_1
36	0	UBERON_0006844BFO_0000050UBERON_2002015	CP_EQ_1
36	1	UBERON_0006844BFO_0000050UBERON_2002015	CP_EQ_1
79	1	UBERON_0001694PATO_0000467	CP_EQ_1
79	0	UBERON_0001694PATO_0000462	CP_EQ_1
40	1	UBERON_0001681	CP_EQ_1
143	1	UBERON_0002244PATO_0000467	CP_EQ_1
143	0	UBERON_0002244PATO_0000070	CP_EQ_1
10	0	PATO_0001633UBERON_0006054	CP_EQ_1
10	0	UBERON_0003155	CP_EQ_2
10	1		CP_EQ_1
10	2	PATO_0001632UBERON_0006054	CP_EQ_1
10	2	UBERON_0003155	CP_EQ_2
47	0	UBERON_3000543	CP_EQ_1
47	1	UBERON_3000543	CP_EQ_1
27	0	UBERON_0002228	CP_EQ_1
27	1	UBERON_0002228	CP_EQ_1
125	2	UBERON_0001091UBERON_0001091	CP_EQ_1
125	1	UBERON_0001091	CP_EQ_1
125	1	PATO_0000070	CP_EQ_2
125	0	UBERON_0001091	CP_EQ_1
125	0	UBERON_0001091	CP_EQ_2
45	1	UBERON_0010516PATO_0000467	CP_EQ_1
45	0	UBERON_0010516PATO_0000462	CP_EQ_1
99	0	UBERON_0013190PATO_0000462	CP_EQ_1
99	1	UBERON_0013190PATO_0000467	CP_EQ_1
128	0	PATO_0000467	CP_EQ_1
128	1	PATO_0000462	CP_EQ_1
42	1	BSPO_0000018BFO_0000050UBERON_0011593	CP_EQ_1
42	1	BSPO_0000400BFO_0000050UBERON_0011593	CP_EQ_2
42	2	BSPO_0000018BFO_0000050UBERON_0011593	CP_EQ_1
42	2	BSPO_0000400BFO_0000050UBERON_0011593	CP_EQ_2
42	0	BSPO_0000018BFO_0000050UBERON_0011593	CP_EQ_1
42	0	BSPO_0000400BFO_0000050UBERON_0011593	CP_EQ_2
175	1	UBERON_3000365PATO_0000467	CP_EQ_1
175	0	UBERON_3000365PATO_0000462	CP_EQ_1
101	1	UBERON_0010362BFO_0000050UBERON_0000151PATO_0000467	CP_EQ_1
101	0	UBERON_0010362BFO_0000050UBERON_0000151PATO_0000462	CP_EQ_1
46	1	BSPO_0000075PATO_0000467	CP_EQ_1
46	0	BSPO_0000075PATO_0000462	CP_EQ_1
184	1	UBERON_0004742PATO_0001857	CP_EQ_1
184	0	UBERON_0004742PATO_0002180	CP_EQ_1
184	2	UBERON_0004742PATO_0001355	CP_EQ_1
184	3	UBERON_0004742	CP_EQ_1
146	1	UBERON_2000356BFO_0000050UBERON_2000488BFO_0000050UBERON_0003114PATO_0000467	CP_EQ_1
146	0	UBERON_2000356BFO_0000050UBERON_2000488BFO_0000050UBERON_0003114PATO_0000462	CP_EQ_1
148	2	NCBITaxon_1PATO_0000070	CP_EQ_1
148	0	NCBITaxon_1PATO_0000070	CP_EQ_1
148	1	NCBITaxon_1	CP_EQ_1
162	0	UBERON_3001003PATO_0000462	CP_EQ_1
162	1	UBERON_3001003PATO_0000467	CP_EQ_1
104	1	UBERON_3000543	CP_EQ_1
104	0	UBERON_3000543	CP_EQ_1
152	0	PATO_0000070	CP_EQ_1
152	1	PATO_0000070	CP_EQ_1
196	0		CP_EQ_1
59	1		CP_EQ_1
59	0		CP_EQ_1
89	1	UBERON_0009979BFO_0000050UBERON_0006597PATO_0000467	CP_EQ_1
89	0	UBERON_0009979BFO_0000050UBERON_0006597PATO_0000462	CP_EQ_1
80	0	UBERON_0000088PATO_0000462	CP_EQ_1
80	1	UBERON_0000088PATO_0000467	CP_EQ_1
102	2	UBERON_0006849UBERON_0004743	CP_EQ_1
102	1	UBERON_0006849PATO_0000587UBERON_0004743	CP_EQ_1
102	0	UBERON_0006849PATO_0000117UBERON_0004743	CP_EQ_1
96	1	UBERON_0010888PATO_0000467	CP_EQ_1
96	0	UBERON_0010888PATO_0000462	CP_EQ_1
150	0	PATO_0002403	CP_EQ_1
49	1	UBERON_3010752BFO_0000050UBERON_0002415BFO_0000050UBERON_0000309PATO_0000467	CP_EQ_1
49	0	UBERON_3010752BFO_0000050UBERON_0002415BFO_0000050UBERON_0000309PATO_0000462	CP_EQ_1
8	1		CP_EQ_1
8	1	PATO_0000070	CP_EQ_2
8	1	UBERON_0004529PATO_0000070	CP_EQ_3
8	0	BSPO_0000084PATO_0000462	CP_EQ_1
8	0	BSPO_0000084PATO_0000467	CP_EQ_2
8	0	BSPO_0000084PATO_0002235	CP_EQ_3
14	0	PATO_0000467	CP_EQ_1
14	1		CP_EQ_1
118	1	UBERON_0002418PATO_0000467	CP_EQ_1
118	1	UBERON_0007844	CP_EQ_2
118	0	UBERON_0002418PATO_0000462	CP_EQ_1
118	0	UBERON_0007844	CP_EQ_2
87	0	UBERON_3010219PATO_0000467	CP_EQ_1
87	1	UBERON_3010219PATO_0000462	CP_EQ_1
177	1	PATO_0000462	CP_EQ_1
177	0	PATO_0000467	CP_EQ_1
136	1	UBERON_0002355PATO_0000608	CP_EQ_1
136	0	UBERON_0002355PATO_0000610	CP_EQ_1
71	2	UBERON_3000190	CP_EQ_1
71	0	UBERON_3000190PATO_0000462	CP_EQ_1
66	0	UBERON_0004612PATO_0000462	CP_EQ_1
66	1	UBERON_0004612PATO_0000467	CP_EQ_1
91	1	PATO_0000642	CP_EQ_1
91	0	UBERON_0000062	CP_EQ_1
130	0	UBERON_0008915UBERON_0008915	CP_EQ_1
130	0	UBERON_0008915PATO_0001633UBERON_2001967	CP_EQ_2
130	0	UBERON_0008915PATO_0000689UBERON_2001967	CP_EQ_3
130	1	UBERON_0008915	CP_EQ_1
130	1	PATO_0000690UBERON_2001967	CP_EQ_2
167	0	UBERON_0008897PATO_0000462	CP_EQ_1
167	1	UBERON_0008897PATO_0000467	CP_EQ_1
4	1	UBERON_0001095PATO_0000070UBERON_3000645	CP_EQ_1
4	1	UBERON_0001075	CP_EQ_2
4	0	UBERON_0001095PATO_0000070UBERON_3000645	CP_EQ_1
4	0	UBERON_0001075	CP_EQ_2
64	1	BSPO_0000025PATO_0000467	CP_EQ_1
64	0	BSPO_0000025PATO_0000117	CP_EQ_1
198	1	UBERON_0002542BFO_0000050UBERON_0001567PATO_0000467	CP_EQ_1
198	0	UBERON_0002542BFO_0000050UBERON_0001567PATO_0000462	CP_EQ_1
119	1	UBERON_3010224BFO_0000050BSPO_0000055PATO_0000467UBERON_0008260	CP_EQ_1
119	0	UBERON_3010224BFO_0000050BSPO_0000055PATO_0000462UBERON_0008260	CP_EQ_1
61	0	PATO_0000467	CP_EQ_1
61	1	PATO_0000462	CP_EQ_1
181	2		CP_EQ_1
181	1		CP_EQ_1
181	0		CP_EQ_1
12	0	UBERON_0003100BFO_0000050UBERON_0012478PATO_0000462	CP_EQ_1
12	1	UBERON_0003100BFO_0000050UBERON_0012478PATO_0000467	CP_EQ_1
85	1	UBERON_2002283PATO_0000467UBERON_0010202	CP_EQ_1
85	1	UBERON_0010202	CP_EQ_2
85	2	UBERON_2002283PATO_0000462	CP_EQ_1
85	0	UBERON_2002283PATO_0000467	CP_EQ_1
149	0	UBERON_0001153PATO_0000462	CP_EQ_1
149	1	UBERON_0001153PATO_0000467	CP_EQ_1
11	1	PATO_0000599	CP_EQ_1
163	0	UBERON_0013657BFO_0000050UBERON_0011671PATO_0000467	CP_EQ_1
163	1	UBERON_0013657BFO_0000050UBERON_0011671PATO_0000462	CP_EQ_1
35	0	BSPO_0000031PATO_0000467	CP_EQ_1
35	1	BSPO_0000031PATO_0000462	CP_EQ_1
131	1	UBERON_0001021	CP_EQ_1
131	1	UBERON_2001967	CP_EQ_2
131	0	UBERON_0001021	CP_EQ_1
131	0		CP_EQ_2
33	4	UBERON_0004649PATO_0000462	CP_EQ_1
33	1	UBERON_0004649PATO_0000463	CP_EQ_1
33	2	UBERON_0004649	CP_EQ_1
33	3	UBERON_0004649PATO_0000588	CP_EQ_1
33	0	UBERON_0004649	CP_EQ_1
127	0	UBERON_0012316	CP_EQ_1
127	0	UBERON_0007375	CP_EQ_2
182	0	UBERON_0001780PATO_0000462	CP_EQ_1
182	2	UBERON_0001780	CP_EQ_1
113	1	PATO_0000057PHENOSCAPE_complement_ofPATO_0000689	CP_EQ_1
113	0	PATO_0000689	CP_EQ_1
158	1	UBERON_0002530BFO_0000050BSPO_0000079BFO_0000050UBERON_0003101PATO_0000467	CP_EQ_1
158	0	UBERON_0002530BFO_0000050BSPO_0000079BFO_0000050UBERON_0003101PATO_0000462	CP_EQ_1
183	0	UBERON_0001020PATO_0000462	CP_EQ_1
183	1	UBERON_0001020PATO_0000467	CP_EQ_1
179	1	PATO_0000467	CP_EQ_1
179	0		CP_EQ_1
5	2	UBERON_0001846PATO_0000070	CP_EQ_1
5	0		CP_EQ_1
98	2	UBERON_2001463PATO_0001854UBERON_0002415	CP_EQ_1
98	0	UBERON_2002283BFO_0000050UBERON_4000164PATO_0001233UBERON_0010202	CP_EQ_1
98	1	UBERON_0010202	CP_EQ_1
22	0	UBERON_2000356PATO_0000573	CP_EQ_1
22	1	UBERON_2000356	CP_EQ_1
7	0	BSPO_0000074PATO_0000462	CP_EQ_1
7	0	BSPO_0000074	CP_EQ_2
112	0	UBERON_0002542	CP_EQ_1
112	0	PATO_0000632	CP_EQ_2
112	1		CP_EQ_1
58	1	UBERON_0004905BFO_0000050UBERON_0001693BFO_0000050UBERON_0001092PATO_0000467	CP_EQ_1
58	0	UBERON_0004905BFO_0000050UBERON_0001693BFO_0000050UBERON_0001092PATO_0000462	CP_EQ_1
141	0	UBERON_0001018UBERON_0000993	CP_EQ_1
95	1	PATO_0000467	CP_EQ_1
95	0	PATO_0000462	CP_EQ_1
161	1	PATO_0000070	CP_EQ_1
161	0	PATO_0000070	CP_EQ_1
190	0	PATO_0000462	CP_EQ_1
190	1		CP_EQ_1
190	2	UBERON_0003148PATO_0000586	CP_EQ_1
73	1	UBERON_0004743PATO_0000467	CP_EQ_1
73	0	UBERON_0004743PATO_0000462	CP_EQ_1
94	0	PATO_0000586UBERON_0012131	CP_EQ_1
94	1	PATO_0000587UBERON_0012131	CP_EQ_1
76	0	UBERON_0000165BFO_0000050UBERON_2001967UBERON_0003823	CP_EQ_1
76	1	UBERON_0000165BFO_0000050UBERON_2001967UBERON_0003823	CP_EQ_1
107	1	UBERON_0006770PATO_0000411	CP_EQ_1
107	1	PATO_0002397	CP_EQ_2
107	0	UBERON_0006770	CP_EQ_1
6	2	UBERON_2000106PATO_0001716UBERON_0001681	CP_EQ_1
6	0	UBERON_3000329BFO_0000050UBERON_0002244	CP_EQ_1
6	4	UBERON_3000329BFO_0000050UBERON_0002244PATO_0000070	CP_EQ_1
6	1	UBERON_3000329BFO_0000050UBERON_0002244UBERON_2001840BFO_0000050UBERON_0001681	CP_EQ_1
78	1	PATO_0000467	CP_EQ_1
78	0	PATO_0000462	CP_EQ_1
31	1	UBERON_3000386PATO_0000467	CP_EQ_1
31	1	UBERON_0005094	CP_EQ_2
31	0	UBERON_3000386PATO_0000462	CP_EQ_1
31	0	UBERON_0005094	CP_EQ_2
147	1	UBERON_0008260PATO_0000467	CP_EQ_1
147	0	UBERON_0008260PATO_0000462	CP_EQ_1
69	1	UBERON_2000223PATO_0000467	CP_EQ_1
69	0	UBERON_2000223PATO_0000462	CP_EQ_1
178	0		CP_EQ_1
178	1	UBERON_0000180PATO_0002359	CP_EQ_1
178	1	UBERON_0000180	CP_EQ_2
115	3	UBERON_0001703	CP_EQ_1
115	2		CP_EQ_1
115	2	UBERON_0001703	CP_EQ_2
115	1	UBERON_0001703	CP_EQ_1
115	0		CP_EQ_1
115	0	UBERON_0001703	CP_EQ_2
170	2	UBERON_0002412	CP_EQ_1
170	0	UBERON_0002412	CP_EQ_1
170	1	UBERON_0002412	CP_EQ_1
51	0	PATO_0000070	CP_EQ_1
51	2	PATO_0000462	CP_EQ_1
51	1	PATO_0000070	CP_EQ_1
160	1		CP_EQ_1
160	0	UBERON_0008915PATO_0000070UBERON_2001967	CP_EQ_1
93	0	UBERON_0001945PATO_0000462	CP_EQ_1
93	0	UBERON_0002314	CP_EQ_2
93	1	UBERON_0001945PATO_0000467	CP_EQ_1
93	1	UBERON_0002314	CP_EQ_2
109	1	UBERON_0002418PATO_0000467	CP_EQ_1
109	1	UBERON_0007844	CP_EQ_2
109	0	UBERON_0002418PATO_0000462	CP_EQ_1
109	0	UBERON_0007844	CP_EQ_2
3	1	PATO_0000467	CP_EQ_1
3	0	PATO_0000462	CP_EQ_1
38	0	PATO_0000462	CP_EQ_1
38	1	PATO_0000467	CP_EQ_1
38	2	PATO_0000467	CP_EQ_1
20	1	UBERON_0001695PATO_0000462	CP_EQ_1
44	1	UBERON_2000271PATO_0000467	CP_EQ_1
44	0	UBERON_2000271PATO_0000462	CP_EQ_1
153	1	UBERON_0002530PATO_0000467	CP_EQ_1
153	0	UBERON_0002530PATO_0000462	CP_EQ_1
32	0	PATO_0000467	CP_EQ_1
32	1	PATO_0000462	CP_EQ_1
180	1	UBERON_2000223PATO_0000587	CP_EQ_1
180	2	UBERON_2000223	CP_EQ_1
180	0	UBERON_2000223PATO_0000462	CP_EQ_1
122	1	UBERON_4000163PATO_0000467UBERON_0000309	CP_EQ_1
122	0	UBERON_4000163PATO_0000462UBERON_0000309	CP_EQ_1
159	1	UBERON_0002199PATO_0000462UBERON_0002199	CP_EQ_1
159	1	UBERON_0002097UBERON_0002097	CP_EQ_2
159	1	UBERON_0007029UBERON_0007029	CP_EQ_3
159	1	UBERON_0000014UBERON_0000014	CP_EQ_4
159	1	UBERON_0002199PATO_0000591	CP_EQ_5
159	1	UBERON_0002097	CP_EQ_6
159	1	UBERON_0007029	CP_EQ_7
159	1	UBERON_0000014	CP_EQ_8
169	0	UBERON_0002397	CP_EQ_1
169	1	UBERON_0002397	CP_EQ_1
9	0	UBERON_4000163PATO_0000462	CP_EQ_1
9	1	UBERON_4000163PATO_0000467	CP_EQ_1
18	0	UBERON_0002396PATO_0000462	CP_EQ_1
18	1	UBERON_0002396PATO_0000467	CP_EQ_1
97	0	UBERON_2000271BFO_0000050UBERON_0008897PATO_0000462UBERON_0000309	CP_EQ_1
97	1	UBERON_2000271BFO_0000050UBERON_0008897PATO_0000467UBERON_0000309	CP_EQ_1
172	0	UBERON_0002397	CP_EQ_1
185	1	PATO_0000467	CP_EQ_1
185	0	PATO_0000462	CP_EQ_1
82	1	UBERON_0003228	CP_EQ_1
82	2	UBERON_0003228	CP_EQ_1
82	0	UBERON_0003228	CP_EQ_1
55	0	UBERON_2001737	CP_EQ_1
55	1	UBERON_2001737	CP_EQ_1
55	2	UBERON_2001737PATO_0000462	CP_EQ_1
174	1	UBERON_0001911PATO_0000467	CP_EQ_1
174	1	UBERON_0000310	CP_EQ_2
174	0	UBERON_0001911PATO_0000462	CP_EQ_1
174	0	UBERON_0000310	CP_EQ_2
28	1	UBERON_2002283BFO_0000050BSPO_0000025	CP_EQ_1
28	0	UBERON_2002283BFO_0000050BSPO_0000025UBERON_4000164	CP_EQ_1
60	1	UBERON_0000468PATO_0000070	CP_EQ_1
60	0	UBERON_0000468PATO_0000070	CP_EQ_1
23	1	UBERON_0002397PATO_0000467	CP_EQ_1
23	0	UBERON_0002397PATO_0000462	CP_EQ_1
166	2		CP_EQ_1
166	0		CP_EQ_1
166	1		CP_EQ_1
145	0	UBERON_0003675BFO_0000050UBERON_0002397PATO_0002211	CP_EQ_1
145	3	UBERON_0003675BFO_0000050UBERON_0002397PATO_0002457	CP_EQ_1
145	1	UBERON_0003675BFO_0000050UBERON_0002397PATO_0002021	CP_EQ_1
145	2	UBERON_0003675BFO_0000050UBERON_0002397	CP_EQ_1
100	1	UBERON_0004742	CP_EQ_1
200	0	PATO_0000070	CP_EQ_1
164	0	UBERON_0010750PATO_0000462	CP_EQ_1
164	1	UBERON_0010750PATO_0000467	CP_EQ_1
70	3	UBERON_2000092	CP_EQ_1
70	0	UBERON_0001682PATO_0000462	CP_EQ_1
70	2	UBERON_0001682PATO_0000467BSPO_0000112	CP_EQ_1
70	1	UBERON_0001682PATO_0000467BSPO_0000112	CP_EQ_1
70	1	UBERON_0001682UBERON_0006846	CP_EQ_2
83	1	UBERON_0008915PATO_0000467UBERON_0001834BFO_0000050UBERON_0001835	CP_EQ_1
83	0	UBERON_0008915PATO_0000462UBERON_0001834BFO_0000050UBERON_0001835	CP_EQ_1
74	1	UBERON_2001632PATO_0000462	CP_EQ_1
74	0	UBERON_2001632PATO_0000467	CP_EQ_1
86	0	PATO_0000462	CP_EQ_1
86	1	PATO_0000467	CP_EQ_1
56	0	UBERON_0010750PATO_0000467	CP_EQ_1
56	1	UBERON_0010750PATO_0000462	CP_EQ_1
139	0	UBERON_0001091PATO_0000462	CP_EQ_1
139	1	UBERON_0001091PATO_0000467	CP_EQ_1
132	1	UBERON_2001550	CP_EQ_1
132	1	UBERON_4000174	CP_EQ_2
132	1	UBERON_2001550	CP_EQ_3
132	1	UBERON_4000174	CP_EQ_4
132	1	UBERON_2001550	CP_EQ_5
132	1	UBERON_4000174	CP_EQ_6
132	0	UBERON_2001550	CP_EQ_1
132	0	UBERON_4000174	CP_EQ_2
132	0	UBERON_2001550	CP_EQ_3
132	0	UBERON_4000174	CP_EQ_4
132	0	UBERON_2001550	CP_EQ_5
132	0	UBERON_4000174	CP_EQ_6
62	0	UBERON_0001649PATO_0000462	CP_EQ_1
62	1	UBERON_0001649PATO_0000467	CP_EQ_1
108	1	UBERON_0000976	CP_EQ_1
108	0	UBERON_0000976	CP_EQ_1
157	1	UBERON_0011598PATO_0000467	CP_EQ_1
157	0	UBERON_0011598PATO_0000462	CP_EQ_1
195	1	UBERON_0010290	CP_EQ_1
195	0	UBERON_0010290	CP_EQ_1
81	1	UBERON_0006048PATO_0000467	CP_EQ_1
81	0	UBERON_0006048PATO_0000462	CP_EQ_1
84	0	UBERON_0002392PATO_0000467	CP_EQ_1
84	1	UBERON_0002392PATO_0000462	CP_EQ_1
193	1	UBERON_0001682PATO_0000467	CP_EQ_1
193	0	UBERON_0001682PATO_0000462	CP_EQ_1
194	1	UBERON_0000483BFO_0000050UBERON_0000162PATO_0000462	CP_EQ_1
194	0	UBERON_0000483BFO_0000050UBERON_0000162PATO_0000467	CP_EQ_1
154	0	UBERON_3000162PATO_0000462	CP_EQ_1
154	1	UBERON_3000162PATO_0000467	CP_EQ_1
16	0	UBERON_0001003BFO_0000050UBERON_0012463PATO_0000070	CP_EQ_1
16	0	UBERON_0001003BFO_0000050UBERON_0000159	CP_EQ_2
16	0	UBERON_0001003BFO_0000050UBERON_0000162	CP_EQ_3
16	1	UBERON_0001003BFO_0000050UBERON_0012463	CP_EQ_1
16	1	UBERON_0001003BFO_0000050UBERON_0000159	CP_EQ_2
16	1	UBERON_0001003BFO_0000050UBERON_0000162	CP_EQ_3
192	1	UBERON_0003675NCBITaxon_1	CP_EQ_1
192	0	UBERON_0003675NCBITaxon_1	CP_EQ_1
126	1	PATO_0000462	CP_EQ_1
126	0	PATO_0000467	CP_EQ_1
68	1	UBERON_0011611PATO_0000467	CP_EQ_1
68	1	UBERON_0001685	CP_EQ_2
68	1	UBERON_3000673	CP_EQ_3
68	0	UBERON_0011611PATO_0000462	CP_EQ_1
68	0	UBERON_0001685	CP_EQ_2
68	0	UBERON_3000673	CP_EQ_3
21	0	UBERON_0004704	CP_EQ_1
21	1		CP_EQ_1
201	0	UBERON_0001091BFO_0000050UBERON_0007379	CP_EQ_1
201	2	UBERON_0001091BFO_0000050UBERON_0007379PATO_0000462	CP_EQ_1
201	1	UBERON_0001091BFO_0000050UBERON_0007379	CP_EQ_1
13	0	UBERON_0001094PATO_0000467	CP_EQ_1
13	1	UBERON_0001094PATO_0000462	CP_EQ_1
25	1	UBERON_0013631BFO_0000050UBERON_0008447PATO_0000467	CP_EQ_1
25	0	UBERON_0013631BFO_0000050UBERON_0008447PATO_0000462	CP_EQ_1
72	0	UBERON_0001450PATO_0000462	CP_EQ_1
72	0	UBERON_0010869	CP_EQ_2
72	1	UBERON_0001450PATO_0000467	CP_EQ_1
72	1	UBERON_0010869	CP_EQ_2
135	1	UBERON_0003685BFO_0000050BSPO_0000084BFO_0000050UBERON_2002015PATO_0000070	CP_EQ_1
135	0	UBERON_0003685BFO_0000050BSPO_0000084BFO_0000050UBERON_2002015PATO_0000070	CP_EQ_1
137	2	UBERON_0006715PATO_0000117	CP_EQ_1
123	1		CP_EQ_1
123	0	UBERON_0008915PATO_0000070UBERON_2001967	CP_EQ_1
26	1	UBERON_0000152	CP_EQ_1
53	0	PATO_0000070	CP_EQ_1
53	1		CP_EQ_1
5	1		CP_EQ_1
6	3		CP_EQ_1
7	1		CP_EQ_1
11	0		CP_EQ_1
15	0		CP_EQ_1
15	1		CP_EQ_1
20	0		CP_EQ_1
24	0		CP_EQ_1
24	1		CP_EQ_1
26	0		CP_EQ_1
30	0		CP_EQ_1
30	1		CP_EQ_1
34	0		CP_EQ_1
34	1		CP_EQ_1
37	1		CP_EQ_1
40	0		CP_EQ_1
40	2		CP_EQ_1
48	1		CP_EQ_1
48	2		CP_EQ_1
57	0		CP_EQ_1
57	1		CP_EQ_1
65	0		CP_EQ_1
65	1		CP_EQ_1
65	2		CP_EQ_1
65	3		CP_EQ_1
71	1		CP_EQ_1
75	0		CP_EQ_1
75	1		CP_EQ_1
88	0		CP_EQ_1
88	1		CP_EQ_1
94	2		CP_EQ_1
100	0		CP_EQ_1
105	0		CP_EQ_1
105	1		CP_EQ_1
106	0		CP_EQ_1
106	1		CP_EQ_1
116	1		CP_EQ_1
127	1		CP_EQ_1
127	2		CP_EQ_1
129	0		CP_EQ_1
129	1		CP_EQ_1
133	0		CP_EQ_1
133	1		CP_EQ_1
137	0		CP_EQ_1
137	1		CP_EQ_1
141	1		CP_EQ_1
150	1		CP_EQ_1
150	2		CP_EQ_1
150	3		CP_EQ_1
159	0		CP_EQ_1
165	0		CP_EQ_1
165	1		CP_EQ_1
172	1		CP_EQ_1
182	1		CP_EQ_1
186	3		CP_EQ_1
189	1		CP_EQ_1
196	1		CP_EQ_1
196	2		CP_EQ_1
199	0		CP_EQ_1
199	1		CP_EQ_1
200	1		CP_EQ_1
